[{"fields": {"app_label": "filebrowser", "model": "filebrowser", "name": "FileBrowser"}, "pk": 1, "model": "contenttypes.contenttype"}, {"fields": {"app_label": "admin", "model": "logentry", "name": "log entry"}, "pk": 2, "model": "contenttypes.contenttype"}, {"fields": {"app_label": "auth", "model": "permission", "name": "permission"}, "pk": 3, "model": "contenttypes.contenttype"}, {"fields": {"app_label": "auth", "model": "group", "name": "group"}, "pk": 4, "model": "contenttypes.contenttype"}, {"fields": {"app_label": "auth", "model": "user", "name": "user"}, "pk": 5, "model": "contenttypes.contenttype"}, {"fields": {"app_label": "contenttypes", "model": "contenttype", "name": "content type"}, "pk": 6, "model": "contenttypes.contenttype"}, {"fields": {"app_label": "sessions", "model": "session", "name": "session"}, "pk": 7, "model": "contenttypes.contenttype"}, {"fields": {"app_label": "sites", "model": "site", "name": "site"}, "pk": 8, "model": "contenttypes.contenttype"}, {"fields": {"app_label": "reversion", "model": "revision", "name": "revision"}, "pk": 9, "model": "contenttypes.contenttype"}, {"fields": {"app_label": "reversion", "model": "version", "name": "version"}, "pk": 10, "model": "contenttypes.contenttype"}, {"fields": {"app_label": "menus", "model": "cachekey", "name": "cache key"}, "pk": 11, "model": "contenttypes.contenttype"}, {"fields": {"app_label": "djangocms_file", "model": "file", "name": "file"}, "pk": 12, "model": "contenttypes.contenttype"}, {"fields": {"app_label": "djangocms_flash", "model": "flash", "name": "flash"}, "pk": 13, "model": "contenttypes.contenttype"}, {"fields": {"app_label": "djangocms_googlemap", "model": "googlemap", "name": "google map"}, "pk": 14, "model": "contenttypes.contenttype"}, {"fields": {"app_label": "djangocms_inherit", "model": "inheritpageplaceholder", "name": "inherit page placeholder"}, "pk": 15, "model": "contenttypes.contenttype"}, {"fields": {"app_label": "djangocms_picture", "model": "picture", "name": "picture"}, "pk": 16, "model": "contenttypes.contenttype"}, {"fields": {"app_label": "djangocms_teaser", "model": "teaser", "name": "teaser"}, "pk": 17, "model": "contenttypes.contenttype"}, {"fields": {"app_label": "djangocms_video", "model": "video", "name": "video"}, "pk": 18, "model": "contenttypes.contenttype"}, {"fields": {"app_label": "djangocms_link", "model": "link", "name": "link"}, "pk": 19, "model": "contenttypes.contenttype"}, {"fields": {"app_label": "djangocms_text_ckeditor", "model": "text", "name": "text"}, "pk": 20, "model": "contenttypes.contenttype"}, {"fields": {"app_label": "cms", "model": "usersettings", "name": "user setting"}, "pk": 21, "model": "contenttypes.contenttype"}, {"fields": {"app_label": "cms", "model": "placeholder", "name": "placeholder"}, "pk": 22, "model": "contenttypes.contenttype"}, {"fields": {"app_label": "cms", "model": "cmsplugin", "name": "cms plugin"}, "pk": 23, "model": "contenttypes.contenttype"}, {"fields": {"app_label": "cms", "model": "page", "name": "page"}, "pk": 24, "model": "contenttypes.contenttype"}, {"fields": {"app_label": "cms", "model": "globalpagepermission", "name": "Page global permission"}, "pk": 25, "model": "contenttypes.contenttype"}, {"fields": {"app_label": "cms", "model": "pagepermission", "name": "Page permission"}, "pk": 26, "model": "contenttypes.contenttype"}, {"fields": {"app_label": "cms", "model": "pageuser", "name": "User (page)"}, "pk": 27, "model": "contenttypes.contenttype"}, {"fields": {"app_label": "cms", "model": "pageusergroup", "name": "User group (page)"}, "pk": 28, "model": "contenttypes.contenttype"}, {"fields": {"app_label": "cms", "model": "title", "name": "title"}, "pk": 29, "model": "contenttypes.contenttype"}, {"fields": {"app_label": "cms", "model": "placeholderreference", "name": "placeholder reference"}, "pk": 30, "model": "contenttypes.contenttype"}, {"fields": {"app_label": "cms", "model": "staticplaceholder", "name": "static placeholder"}, "pk": 31, "model": "contenttypes.contenttype"}, {"fields": {"app_label": "cms", "model": "aliaspluginmodel", "name": "alias plugin model"}, "pk": 32, "model": "contenttypes.contenttype"}, {"fields": {"app_label": "blog", "model": "blog", "name": "blog"}, "pk": 33, "model": "contenttypes.contenttype"}, {"fields": {"app_label": "blog", "model": "post", "name": "post"}, "pk": 34, "model": "contenttypes.contenttype"}, {"fields": {"app_label": "blog", "model": "permission", "name": "permission"}, "pk": 35, "model": "contenttypes.contenttype"}, {"fields": {"app_label": "blog", "model": "bloglistplugin", "name": "blog list plugin"}, "pk": 36, "model": "contenttypes.contenttype"}, {"fields": {"app_label": "blog", "model": "postlistplugin", "name": "post list plugin"}, "pk": 37, "model": "contenttypes.contenttype"}, {"fields": {"app_label": "blog", "model": "blogdetailplugin", "name": "blog detail plugin"}, "pk": 38, "model": "contenttypes.contenttype"}, {"fields": {"session_data": "ODU3ZWEzMmM4ZmUzNmZlM2U4NjA4OTU0YWY5MDMwMmYzMGYyYzEyYTp7Il9hdXRoX3VzZXJfaWQiOjEsImNtc19hZG1pbl9zaXRlIjoxLCJfYXV0aF91c2VyX2hhc2giOiJjMjBkZTc1MDcyN2Q0ZWRmODczZTdjYjYzM2YxYzliOWM5MTg3YzAxIiwiX2F1dGhfdXNlcl9iYWNrZW5kIjoiZGphbmdvLmNvbnRyaWIuYXV0aC5iYWNrZW5kcy5Nb2RlbEJhY2tlbmQiLCJjbXNfZWRpdCI6dHJ1ZX0=", "expire_date": "2015-04-25T19:57:30.384Z"}, "pk": "3f9k0fn8617uvokm949pk6doc7auzhax", "model": "sessions.session"}, {"fields": {"domain": "assembly.org/summer2015", "name": "Assembly Summer 2015"}, "pk": 1, "model": "sites.site"}, {"fields": {"comment": "Initial version.", "date_created": "2015-04-11T18:08:37.878Z", "manager_slug": "default", "user": 1}, "pk": 1, "model": "reversion.revision"}, {"fields": {"comment": "Changed title, slug, menu_title, page_title and meta_description.", "date_created": "2015-04-11T18:08:49.675Z", "manager_slug": "default", "user": 1}, "pk": 2, "model": "reversion.revision"}, {"fields": {"comment": "Publish", "date_created": "2015-04-11T18:08:59.309Z", "manager_slug": "default", "user": 1}, "pk": 3, "model": "reversion.revision"}, {"fields": {"comment": "Blog List plugin added to Article", "date_created": "2015-04-11T18:47:45.194Z", "manager_slug": "default", "user": 1}, "pk": 4, "model": "reversion.revision"}, {"fields": {"comment": "Blog List plugin edited at position 0 in Article", "date_created": "2015-04-11T18:47:48.057Z", "manager_slug": "default", "user": 1}, "pk": 5, "model": "reversion.revision"}, {"fields": {"comment": "Changed title_en, title_fi, body_en and body_fi.", "date_created": "2015-04-11T19:56:55.057Z", "manager_slug": "default", "user": 1}, "pk": 6, "model": "reversion.revision"}, {"fields": {"comment": "Blog List plugin added to Article", "date_created": "2015-04-11T19:57:52.724Z", "manager_slug": "default", "user": 1}, "pk": 7, "model": "reversion.revision"}, {"fields": {"comment": "Blog List plugin at position 0 in Article was deleted.", "date_created": "2015-04-11T19:57:57.992Z", "manager_slug": "default", "user": 1}, "pk": 8, "model": "reversion.revision"}, {"fields": {"comment": "Blog View plugin added to Article", "date_created": "2015-04-11T20:03:27.451Z", "manager_slug": "default", "user": 1}, "pk": 9, "model": "reversion.revision"}, {"fields": {"comment": "Blog View plugin edited at position 0 in Article", "date_created": "2015-04-11T20:03:31.969Z", "manager_slug": "default", "user": 1}, "pk": 10, "model": "reversion.revision"}, {"fields": {"object_id": "1", "content_type": 24, "object_repr": "News", "serialized_data": "[{\"model\": \"cms.page\", \"fields\": {\"application_urls\": null, \"navigation_extenders\": null, \"xframe_options\": 0, \"tree_id\": 1, \"changed_date\": \"2015-04-11T18:08:37.843Z\", \"parent\": null, \"languages\": \"en\", \"lft\": 1, \"rght\": 2, \"publication_date\": \"2015-04-11T18:08:37.743Z\", \"created_by\": \"admin\", \"creation_date\": \"2015-04-11T18:08:37.654Z\", \"template\": \"INHERIT\", \"changed_by\": \"admin\", \"in_navigation\": true, \"reverse_id\": null, \"publication_end_date\": null, \"level\": 0, \"soft_root\": false, \"is_home\": true, \"login_required\": false, \"site\": 1, \"limit_visibility_in_menu\": null, \"placeholders\": [2], \"revision_id\": 0, \"application_namespace\": null}, \"pk\": 1}]", "revision": 1, "format": "json", "object_id_int": 1}, "pk": 1, "model": "reversion.version"}, {"fields": {"object_id": "2", "content_type": 22, "object_repr": "Article", "serialized_data": "[{\"model\": \"cms.placeholder\", \"fields\": {\"slot\": \"Article\", \"default_width\": null}, \"pk\": 2}]", "revision": 1, "format": "json", "object_id_int": 2}, "pk": 2, "model": "reversion.version"}, {"fields": {"object_id": "1", "content_type": 29, "object_repr": "News (news, en)", "serialized_data": "[{\"model\": \"cms.title\", \"fields\": {\"creation_date\": \"2015-04-11T18:08:37.707Z\", \"path\": \"\", \"language\": \"en\", \"meta_description\": \"Latest news\", \"title\": \"News\", \"page\": 1, \"redirect\": null, \"page_title\": \"News\", \"published\": true, \"menu_title\": \"News\", \"has_url_overwrite\": false, \"slug\": \"news\"}, \"pk\": 1}]", "revision": 1, "format": "json", "object_id_int": 1}, "pk": 3, "model": "reversion.version"}, {"fields": {"object_id": "1", "content_type": 24, "object_repr": "News", "serialized_data": "[{\"model\": \"cms.page\", \"fields\": {\"application_urls\": null, \"navigation_extenders\": null, \"xframe_options\": 0, \"tree_id\": 1, \"changed_date\": \"2015-04-11T18:08:49.639Z\", \"parent\": null, \"languages\": \"en,fi\", \"lft\": 1, \"rght\": 2, \"publication_date\": \"2015-04-11T18:08:37.743Z\", \"created_by\": \"admin\", \"creation_date\": \"2015-04-11T18:08:37.654Z\", \"template\": \"INHERIT\", \"changed_by\": \"admin\", \"in_navigation\": true, \"reverse_id\": null, \"publication_end_date\": null, \"level\": 0, \"soft_root\": false, \"is_home\": true, \"login_required\": false, \"site\": 1, \"limit_visibility_in_menu\": null, \"placeholders\": [2], \"revision_id\": 0, \"application_namespace\": null}, \"pk\": 1}]", "revision": 2, "format": "json", "object_id_int": 1}, "pk": 4, "model": "reversion.version"}, {"fields": {"object_id": "2", "content_type": 22, "object_repr": "Article", "serialized_data": "[{\"model\": \"cms.placeholder\", \"fields\": {\"slot\": \"Article\", \"default_width\": null}, \"pk\": 2}]", "revision": 2, "format": "json", "object_id_int": 2}, "pk": 5, "model": "reversion.version"}, {"fields": {"object_id": "3", "content_type": 29, "object_repr": "Uutiset (uutiset, fi)", "serialized_data": "[{\"model\": \"cms.title\", \"fields\": {\"creation_date\": \"2015-04-11T18:08:49.638Z\", \"path\": \"\", \"language\": \"fi\", \"meta_description\": \"Uusimmat uutiset\", \"title\": \"Uutiset\", \"page\": 1, \"redirect\": null, \"page_title\": \"Uutiset\", \"published\": false, \"menu_title\": \"Uutiset\", \"has_url_overwrite\": false, \"slug\": \"uutiset\"}, \"pk\": 3}]", "revision": 2, "format": "json", "object_id_int": 3}, "pk": 6, "model": "reversion.version"}, {"fields": {"object_id": "1", "content_type": 29, "object_repr": "News (news, en)", "serialized_data": "[{\"model\": \"cms.title\", \"fields\": {\"creation_date\": \"2015-04-11T18:08:37.707Z\", \"path\": \"\", \"language\": \"en\", \"meta_description\": \"Latest news\", \"title\": \"News\", \"page\": 1, \"redirect\": null, \"page_title\": \"News\", \"published\": true, \"menu_title\": \"News\", \"has_url_overwrite\": false, \"slug\": \"news\"}, \"pk\": 1}]", "revision": 2, "format": "json", "object_id_int": 1}, "pk": 7, "model": "reversion.version"}, {"fields": {"object_id": "1", "content_type": 24, "object_repr": "Uutiset", "serialized_data": "[{\"model\": \"cms.page\", \"fields\": {\"application_urls\": null, \"navigation_extenders\": null, \"xframe_options\": 0, \"tree_id\": 1, \"changed_date\": \"2015-04-11T18:08:59.262Z\", \"parent\": null, \"languages\": \"en,fi\", \"lft\": 1, \"rght\": 2, \"publication_date\": \"2015-04-11T18:08:37.743Z\", \"created_by\": \"admin\", \"creation_date\": \"2015-04-11T18:08:37.654Z\", \"template\": \"INHERIT\", \"changed_by\": \"admin\", \"in_navigation\": true, \"reverse_id\": null, \"publication_end_date\": null, \"level\": 0, \"soft_root\": false, \"is_home\": true, \"login_required\": false, \"site\": 1, \"limit_visibility_in_menu\": null, \"placeholders\": [2], \"revision_id\": 0, \"application_namespace\": null}, \"pk\": 1}]", "revision": 3, "format": "json", "object_id_int": 1}, "pk": 8, "model": "reversion.version"}, {"fields": {"object_id": "2", "content_type": 22, "object_repr": "Article", "serialized_data": "[{\"model\": \"cms.placeholder\", \"fields\": {\"slot\": \"Article\", \"default_width\": null}, \"pk\": 2}]", "revision": 3, "format": "json", "object_id_int": 2}, "pk": 9, "model": "reversion.version"}, {"fields": {"object_id": "3", "content_type": 29, "object_repr": "Uutiset (uutiset, fi)", "serialized_data": "[{\"model\": \"cms.title\", \"fields\": {\"creation_date\": \"2015-04-11T18:08:49.638Z\", \"path\": \"\", \"language\": \"fi\", \"meta_description\": \"Uusimmat uutiset\", \"title\": \"Uutiset\", \"page\": 1, \"redirect\": null, \"page_title\": \"Uutiset\", \"published\": true, \"menu_title\": \"Uutiset\", \"has_url_overwrite\": false, \"slug\": \"uutiset\"}, \"pk\": 3}]", "revision": 3, "format": "json", "object_id_int": 3}, "pk": 10, "model": "reversion.version"}, {"fields": {"object_id": "1", "content_type": 29, "object_repr": "News (news, en)", "serialized_data": "[{\"model\": \"cms.title\", \"fields\": {\"creation_date\": \"2015-04-11T18:08:37.707Z\", \"path\": \"\", \"language\": \"en\", \"meta_description\": \"Latest news\", \"title\": \"News\", \"page\": 1, \"redirect\": null, \"page_title\": \"News\", \"published\": true, \"menu_title\": \"News\", \"has_url_overwrite\": false, \"slug\": \"news\"}, \"pk\": 1}]", "revision": 3, "format": "json", "object_id_int": 1}, "pk": 11, "model": "reversion.version"}, {"fields": {"object_id": "1", "content_type": 24, "object_repr": "News", "serialized_data": "[{\"fields\": {\"template\": \"INHERIT\", \"creation_date\": \"2015-04-11T18:08:37.654Z\", \"application_urls\": null, \"parent\": null, \"reverse_id\": null, \"rght\": 2, \"publication_date\": \"2015-04-11T18:08:37.743Z\", \"site\": 1, \"is_home\": true, \"lft\": 1, \"revision_id\": 0, \"created_by\": \"admin\", \"login_required\": false, \"publication_end_date\": null, \"tree_id\": 1, \"placeholders\": [2], \"changed_by\": \"admin\", \"soft_root\": false, \"navigation_extenders\": null, \"application_namespace\": null, \"xframe_options\": 0, \"level\": 0, \"changed_date\": \"2015-04-11T18:08:59.333Z\", \"in_navigation\": true, \"limit_visibility_in_menu\": null, \"languages\": \"en,fi\"}, \"pk\": 1, \"model\": \"cms.page\"}]", "revision": 4, "format": "json", "object_id_int": 1}, "pk": 12, "model": "reversion.version"}, {"fields": {"object_id": "2", "content_type": 22, "object_repr": "Article", "serialized_data": "[{\"fields\": {\"default_width\": null, \"slot\": \"Article\"}, \"pk\": 2, \"model\": \"cms.placeholder\"}]", "revision": 4, "format": "json", "object_id_int": 2}, "pk": 13, "model": "reversion.version"}, {"fields": {"object_id": "3", "content_type": 29, "object_repr": "Uutiset (uutiset, fi)", "serialized_data": "[{\"fields\": {\"creation_date\": \"2015-04-11T18:08:49.638Z\", \"menu_title\": \"Uutiset\", \"has_url_overwrite\": false, \"page_title\": \"Uutiset\", \"meta_description\": \"Uusimmat uutiset\", \"published\": true, \"language\": \"fi\", \"path\": \"\", \"slug\": \"uutiset\", \"page\": 1, \"redirect\": null, \"title\": \"Uutiset\"}, \"pk\": 3, \"model\": \"cms.title\"}]", "revision": 4, "format": "json", "object_id_int": 3}, "pk": 14, "model": "reversion.version"}, {"fields": {"object_id": "1", "content_type": 29, "object_repr": "News (news, en)", "serialized_data": "[{\"fields\": {\"creation_date\": \"2015-04-11T18:08:37.707Z\", \"menu_title\": \"News\", \"has_url_overwrite\": false, \"page_title\": \"News\", \"meta_description\": \"Latest news\", \"published\": true, \"language\": \"en\", \"path\": \"\", \"slug\": \"news\", \"page\": 1, \"redirect\": null, \"title\": \"News\"}, \"pk\": 1, \"model\": \"cms.title\"}]", "revision": 4, "format": "json", "object_id_int": 1}, "pk": 15, "model": "reversion.version"}, {"fields": {"object_id": "1", "content_type": 23, "object_repr": "1", "serialized_data": "[{\"fields\": {\"changed_date\": \"2015-04-11T18:47:45.146Z\", \"plugin_type\": \"CMSBlogListPlugin\", \"tree_id\": 1, \"position\": 0, \"language\": \"fi\", \"parent\": null, \"creation_date\": \"2015-04-11T18:47:45.138Z\", \"lft\": 1, \"placeholder\": 2, \"rght\": 2, \"level\": 0}, \"pk\": 1, \"model\": \"cms.cmsplugin\"}]", "revision": 4, "format": "json", "object_id_int": 1}, "pk": 16, "model": "reversion.version"}, {"fields": {"object_id": "1", "content_type": 24, "object_repr": "News", "serialized_data": "[{\"fields\": {\"template\": \"INHERIT\", \"creation_date\": \"2015-04-11T18:08:37.654Z\", \"application_urls\": null, \"parent\": null, \"reverse_id\": null, \"rght\": 2, \"publication_date\": \"2015-04-11T18:08:37.743Z\", \"site\": 1, \"is_home\": true, \"lft\": 1, \"revision_id\": 0, \"created_by\": \"admin\", \"login_required\": false, \"publication_end_date\": null, \"tree_id\": 1, \"placeholders\": [2], \"changed_by\": \"admin\", \"soft_root\": false, \"navigation_extenders\": null, \"application_namespace\": null, \"xframe_options\": 0, \"level\": 0, \"changed_date\": \"2015-04-11T18:47:45.222Z\", \"in_navigation\": true, \"limit_visibility_in_menu\": null, \"languages\": \"en,fi\"}, \"pk\": 1, \"model\": \"cms.page\"}]", "revision": 5, "format": "json", "object_id_int": 1}, "pk": 17, "model": "reversion.version"}, {"fields": {"object_id": "2", "content_type": 22, "object_repr": "Article", "serialized_data": "[{\"fields\": {\"default_width\": null, \"slot\": \"Article\"}, \"pk\": 2, \"model\": \"cms.placeholder\"}]", "revision": 5, "format": "json", "object_id_int": 2}, "pk": 18, "model": "reversion.version"}, {"fields": {"object_id": "3", "content_type": 29, "object_repr": "Uutiset (uutiset, fi)", "serialized_data": "[{\"fields\": {\"creation_date\": \"2015-04-11T18:08:49.638Z\", \"menu_title\": \"Uutiset\", \"has_url_overwrite\": false, \"page_title\": \"Uutiset\", \"meta_description\": \"Uusimmat uutiset\", \"published\": true, \"language\": \"fi\", \"path\": \"\", \"slug\": \"uutiset\", \"page\": 1, \"redirect\": null, \"title\": \"Uutiset\"}, \"pk\": 3, \"model\": \"cms.title\"}]", "revision": 5, "format": "json", "object_id_int": 3}, "pk": 19, "model": "reversion.version"}, {"fields": {"object_id": "1", "content_type": 29, "object_repr": "News (news, en)", "serialized_data": "[{\"fields\": {\"creation_date\": \"2015-04-11T18:08:37.707Z\", \"menu_title\": \"News\", \"has_url_overwrite\": false, \"page_title\": \"News\", \"meta_description\": \"Latest news\", \"published\": true, \"language\": \"en\", \"path\": \"\", \"slug\": \"news\", \"page\": 1, \"redirect\": null, \"title\": \"News\"}, \"pk\": 1, \"model\": \"cms.title\"}]", "revision": 5, "format": "json", "object_id_int": 1}, "pk": 20, "model": "reversion.version"}, {"fields": {"object_id": "1", "content_type": 23, "object_repr": "1", "serialized_data": "[{\"fields\": {\"changed_date\": \"2015-04-11T18:47:48.000Z\", \"plugin_type\": \"CMSBlogListPlugin\", \"tree_id\": 1, \"position\": 0, \"language\": \"fi\", \"parent\": null, \"creation_date\": \"2015-04-11T18:47:45.138Z\", \"lft\": 1, \"placeholder\": 2, \"rght\": 2, \"level\": 0}, \"pk\": 1, \"model\": \"cms.cmsplugin\"}]", "revision": 5, "format": "json", "object_id_int": 1}, "pk": 21, "model": "reversion.version"}, {"fields": {"object_id": "1", "content_type": 36, "object_repr": "1", "serialized_data": "[{\"fields\": {}, \"pk\": 1, \"model\": \"blog.bloglistplugin\"}]", "revision": 5, "format": "json", "object_id_int": 1}, "pk": 22, "model": "reversion.version"}, {"fields": {"object_id": "1", "content_type": 34, "object_repr": "Test article", "serialized_data": "[{\"pk\": 1, \"model\": \"blog.post\", \"fields\": {\"body_en\": \"Spoon viennese caf\\u00e9 au lait spoon steamed white barista. Caf\\u00e9 au lait decaffeinated single origin affogato, qui aftertaste single origin carajillo robusta. Strong, crema, half and half roast kopi-luwak cream java chicory con panna. Iced frappuccino, affogato plunger pot lungo mug redeye.\\r\\n\\r\\nAcerbic as cultivar eu blue mountain id flavour spoon mazagran black irish. Ristretto chicory, kopi-luwak breve mocha cup ristretto. Coffee roast siphon cup, aromatic, ut, frappuccino bar siphon white caramelization. Viennese id kopi-luwak shop black flavour coffee.\\r\\n\\r\\nTrifecta, white mocha sugar shop macchiato crema cappuccino french press as shop. Roast robusta extraction decaffeinated caramelization ut, dripper white gal\\u00e3o acerbic cinnamon. Plunger pot single shot pumpkin spice aromatic dark cup gal\\u00e3o, est plunger pot mazagran and rich. Mug, crema mug skinny coffee macchiato shop caffeine chicory.\\r\\n\\r\\nAt turkish and a cup trifecta aroma. To go as, foam dark filter con panna sit cultivar. Skinny in dark, beans, cream crema sugar, robust caramelization wings rich arabica. Rich french press, extraction, single shot con panna trifecta seasonal caramelization ristretto grounds skinny.\", \"title\": \"Test article\", \"body\": \"Spoon viennese caf\\u00e9 au lait spoon steamed white barista. Caf\\u00e9 au lait decaffeinated single origin affogato, qui aftertaste single origin carajillo robusta. Strong, crema, half and half roast kopi-luwak cream java chicory con panna. Iced frappuccino, affogato plunger pot lungo mug redeye.\\r\\n\\r\\nAcerbic as cultivar eu blue mountain id flavour spoon mazagran black irish. Ristretto chicory, kopi-luwak breve mocha cup ristretto. Coffee roast siphon cup, aromatic, ut, frappuccino bar siphon white caramelization. Viennese id kopi-luwak shop black flavour coffee.\\r\\n\\r\\nTrifecta, white mocha sugar shop macchiato crema cappuccino french press as shop. Roast robusta extraction decaffeinated caramelization ut, dripper white gal\\u00e3o acerbic cinnamon. Plunger pot single shot pumpkin spice aromatic dark cup gal\\u00e3o, est plunger pot mazagran and rich. Mug, crema mug skinny coffee macchiato shop caffeine chicory.\\r\\n\\r\\nAt turkish and a cup trifecta aroma. To go as, foam dark filter con panna sit cultivar. Skinny in dark, beans, cream crema sugar, robust caramelization wings rich arabica. Rich french press, extraction, single shot con panna trifecta seasonal caramelization ristretto grounds skinny.\", \"created\": \"2015-04-11T19:33:56.638Z\", \"blog\": 1, \"cover_image\": \"\", \"title_en\": \"Test article\", \"title_fi\": \"Testi artikkeli\", \"author\": 1, \"updated\": \"2015-04-11T19:56:55.024Z\", \"body_fi\": \"Spoon viennese caf\\u00e9 au lait spoon steamed white barista. Caf\\u00e9 au lait decaffeinated single origin affogato, qui aftertaste single origin carajillo robusta. Strong, crema, half and half roast kopi-luwak cream java chicory con panna. Iced frappuccino, affogato plunger pot lungo mug redeye.\\r\\n\\r\\nAcerbic as cultivar eu blue mountain id flavour spoon mazagran black irish. Ristretto chicory, kopi-luwak breve mocha cup ristretto. Coffee roast siphon cup, aromatic, ut, frappuccino bar siphon white caramelization. Viennese id kopi-luwak shop black flavour coffee.\\r\\n\\r\\nTrifecta, white mocha sugar shop macchiato crema cappuccino french press as shop. Roast robusta extraction decaffeinated caramelization ut, dripper white gal\\u00e3o acerbic cinnamon. Plunger pot single shot pumpkin spice aromatic dark cup gal\\u00e3o, est plunger pot mazagran and rich. Mug, crema mug skinny coffee macchiato shop caffeine chicory.\\r\\n\\r\\nAt turkish and a cup trifecta aroma. To go as, foam dark filter con panna sit cultivar. Skinny in dark, beans, cream crema sugar, robust caramelization wings rich arabica. Rich french press, extraction, single shot con panna trifecta seasonal caramelization ristretto grounds skinny.\"}}]", "revision": 6, "format": "json", "object_id_int": 1}, "pk": 23, "model": "reversion.version"}, {"fields": {"object_id": "1", "content_type": 24, "object_repr": "News", "serialized_data": "[{\"pk\": 1, \"model\": \"cms.page\", \"fields\": {\"changed_date\": \"2015-04-11T18:47:48.081Z\", \"site\": 1, \"is_home\": true, \"xframe_options\": 0, \"in_navigation\": true, \"navigation_extenders\": null, \"changed_by\": \"admin\", \"limit_visibility_in_menu\": null, \"lft\": 1, \"level\": 0, \"creation_date\": \"2015-04-11T18:08:37.654Z\", \"parent\": null, \"publication_date\": \"2015-04-11T18:08:37.743Z\", \"publication_end_date\": null, \"reverse_id\": null, \"tree_id\": 1, \"created_by\": \"admin\", \"login_required\": false, \"placeholders\": [2], \"languages\": \"en,fi\", \"application_urls\": null, \"soft_root\": false, \"rght\": 2, \"revision_id\": 0, \"template\": \"INHERIT\", \"application_namespace\": null}}]", "revision": 7, "format": "json", "object_id_int": 1}, "pk": 24, "model": "reversion.version"}, {"fields": {"object_id": "2", "content_type": 22, "object_repr": "Article", "serialized_data": "[{\"pk\": 2, \"model\": \"cms.placeholder\", \"fields\": {\"slot\": \"Article\", \"default_width\": null}}]", "revision": 7, "format": "json", "object_id_int": 2}, "pk": 25, "model": "reversion.version"}, {"fields": {"object_id": "3", "content_type": 29, "object_repr": "Uutiset (uutiset, fi)", "serialized_data": "[{\"pk\": 3, \"model\": \"cms.title\", \"fields\": {\"page\": 1, \"path\": \"\", \"has_url_overwrite\": false, \"page_title\": \"Uutiset\", \"title\": \"Uutiset\", \"redirect\": null, \"creation_date\": \"2015-04-11T18:08:49.638Z\", \"menu_title\": \"Uutiset\", \"meta_description\": \"Uusimmat uutiset\", \"published\": true, \"slug\": \"uutiset\", \"language\": \"fi\"}}]", "revision": 7, "format": "json", "object_id_int": 3}, "pk": 26, "model": "reversion.version"}, {"fields": {"object_id": "1", "content_type": 23, "object_repr": "1", "serialized_data": "[{\"pk\": 1, \"model\": \"cms.cmsplugin\", \"fields\": {\"changed_date\": \"2015-04-11T18:47:48.000Z\", \"position\": 0, \"lft\": 1, \"language\": \"fi\", \"creation_date\": \"2015-04-11T18:47:45.138Z\", \"rght\": 2, \"level\": 0, \"tree_id\": 1, \"parent\": null, \"plugin_type\": \"CMSBlogListPlugin\", \"placeholder\": 2}}]", "revision": 7, "format": "json", "object_id_int": 1}, "pk": 27, "model": "reversion.version"}, {"fields": {"object_id": "1", "content_type": 29, "object_repr": "News (news, en)", "serialized_data": "[{\"pk\": 1, \"model\": \"cms.title\", \"fields\": {\"page\": 1, \"path\": \"\", \"has_url_overwrite\": false, \"page_title\": \"News\", \"title\": \"News\", \"redirect\": null, \"creation_date\": \"2015-04-11T18:08:37.707Z\", \"menu_title\": \"News\", \"meta_description\": \"Latest news\", \"published\": true, \"slug\": \"news\", \"language\": \"en\"}}]", "revision": 7, "format": "json", "object_id_int": 1}, "pk": 28, "model": "reversion.version"}, {"fields": {"object_id": "1", "content_type": 36, "object_repr": "1", "serialized_data": "[{\"pk\": 1, \"model\": \"blog.bloglistplugin\", \"fields\": {}}]", "revision": 7, "format": "json", "object_id_int": 1}, "pk": 29, "model": "reversion.version"}, {"fields": {"object_id": "2", "content_type": 23, "object_repr": "2", "serialized_data": "[{\"pk\": 2, \"model\": \"cms.cmsplugin\", \"fields\": {\"changed_date\": \"2015-04-11T19:57:52.605Z\", \"position\": 0, \"lft\": 1, \"language\": \"en\", \"creation_date\": \"2015-04-11T19:57:52.590Z\", \"rght\": 2, \"level\": 0, \"tree_id\": 2, \"parent\": null, \"plugin_type\": \"CMSBlogListPlugin\", \"placeholder\": 2}}]", "revision": 7, "format": "json", "object_id_int": 2}, "pk": 30, "model": "reversion.version"}, {"fields": {"object_id": "1", "content_type": 24, "object_repr": "News", "serialized_data": "[{\"pk\": 1, \"model\": \"cms.page\", \"fields\": {\"changed_date\": \"2015-04-11T19:57:57.800Z\", \"site\": 1, \"is_home\": true, \"xframe_options\": 0, \"in_navigation\": true, \"navigation_extenders\": null, \"changed_by\": \"admin\", \"limit_visibility_in_menu\": null, \"lft\": 1, \"level\": 0, \"creation_date\": \"2015-04-11T18:08:37.654Z\", \"parent\": null, \"publication_date\": \"2015-04-11T18:08:37.743Z\", \"publication_end_date\": null, \"reverse_id\": null, \"tree_id\": 1, \"created_by\": \"admin\", \"login_required\": false, \"placeholders\": [2], \"languages\": \"en,fi\", \"application_urls\": null, \"soft_root\": false, \"rght\": 2, \"revision_id\": 0, \"template\": \"INHERIT\", \"application_namespace\": null}}]", "revision": 8, "format": "json", "object_id_int": 1}, "pk": 31, "model": "reversion.version"}, {"fields": {"object_id": "2", "content_type": 22, "object_repr": "Article", "serialized_data": "[{\"pk\": 2, \"model\": \"cms.placeholder\", \"fields\": {\"slot\": \"Article\", \"default_width\": null}}]", "revision": 8, "format": "json", "object_id_int": 2}, "pk": 32, "model": "reversion.version"}, {"fields": {"object_id": "3", "content_type": 29, "object_repr": "Uutiset (uutiset, fi)", "serialized_data": "[{\"pk\": 3, \"model\": \"cms.title\", \"fields\": {\"page\": 1, \"path\": \"\", \"has_url_overwrite\": false, \"page_title\": \"Uutiset\", \"title\": \"Uutiset\", \"redirect\": null, \"creation_date\": \"2015-04-11T18:08:49.638Z\", \"menu_title\": \"Uutiset\", \"meta_description\": \"Uusimmat uutiset\", \"published\": true, \"slug\": \"uutiset\", \"language\": \"fi\"}}]", "revision": 8, "format": "json", "object_id_int": 3}, "pk": 33, "model": "reversion.version"}, {"fields": {"object_id": "1", "content_type": 29, "object_repr": "News (news, en)", "serialized_data": "[{\"pk\": 1, \"model\": \"cms.title\", \"fields\": {\"page\": 1, \"path\": \"\", \"has_url_overwrite\": false, \"page_title\": \"News\", \"title\": \"News\", \"redirect\": null, \"creation_date\": \"2015-04-11T18:08:37.707Z\", \"menu_title\": \"News\", \"meta_description\": \"Latest news\", \"published\": true, \"slug\": \"news\", \"language\": \"en\"}}]", "revision": 8, "format": "json", "object_id_int": 1}, "pk": 34, "model": "reversion.version"}, {"fields": {"object_id": "1", "content_type": 23, "object_repr": "1", "serialized_data": "[{\"pk\": 1, \"model\": \"cms.cmsplugin\", \"fields\": {\"changed_date\": \"2015-04-11T18:47:48.000Z\", \"position\": 0, \"lft\": 1, \"language\": \"fi\", \"creation_date\": \"2015-04-11T18:47:45.138Z\", \"rght\": 2, \"level\": 0, \"tree_id\": 1, \"parent\": null, \"plugin_type\": \"CMSBlogListPlugin\", \"placeholder\": 2}}]", "revision": 8, "format": "json", "object_id_int": 1}, "pk": 35, "model": "reversion.version"}, {"fields": {"object_id": "1", "content_type": 36, "object_repr": "1", "serialized_data": "[{\"pk\": 1, \"model\": \"blog.bloglistplugin\", \"fields\": {}}]", "revision": 8, "format": "json", "object_id_int": 1}, "pk": 36, "model": "reversion.version"}, {"fields": {"object_id": "3", "content_type": 29, "object_repr": "Uutiset (uutiset, fi)", "serialized_data": "[{\"pk\": 3, \"model\": \"cms.title\", \"fields\": {\"redirect\": null, \"creation_date\": \"2015-04-11T18:08:49.638Z\", \"slug\": \"uutiset\", \"path\": \"\", \"menu_title\": \"Uutiset\", \"has_url_overwrite\": false, \"meta_description\": \"Uusimmat uutiset\", \"title\": \"Uutiset\", \"language\": \"fi\", \"page\": 1, \"published\": true, \"page_title\": \"Uutiset\"}}]", "revision": 9, "format": "json", "object_id_int": 3}, "pk": 37, "model": "reversion.version"}, {"fields": {"object_id": "1", "content_type": 24, "object_repr": "News", "serialized_data": "[{\"pk\": 1, \"model\": \"cms.page\", \"fields\": {\"in_navigation\": true, \"login_required\": false, \"changed_by\": \"admin\", \"publication_date\": \"2015-04-11T18:08:37.743Z\", \"template\": \"INHERIT\", \"soft_root\": false, \"languages\": \"en,fi\", \"rght\": 2, \"level\": 0, \"xframe_options\": 0, \"creation_date\": \"2015-04-11T18:08:37.654Z\", \"parent\": null, \"limit_visibility_in_menu\": null, \"placeholders\": [2], \"is_home\": true, \"navigation_extenders\": null, \"lft\": 1, \"site\": 1, \"publication_end_date\": null, \"reverse_id\": null, \"application_namespace\": null, \"changed_date\": \"2015-04-11T19:57:58.098Z\", \"created_by\": \"admin\", \"tree_id\": 1, \"revision_id\": 0, \"application_urls\": null}}]", "revision": 9, "format": "json", "object_id_int": 1}, "pk": 38, "model": "reversion.version"}, {"fields": {"object_id": "2", "content_type": 22, "object_repr": "Article", "serialized_data": "[{\"pk\": 2, \"model\": \"cms.placeholder\", \"fields\": {\"default_width\": null, \"slot\": \"Article\"}}]", "revision": 9, "format": "json", "object_id_int": 2}, "pk": 39, "model": "reversion.version"}, {"fields": {"object_id": "3", "content_type": 23, "object_repr": "3", "serialized_data": "[{\"pk\": 3, \"model\": \"cms.cmsplugin\", \"fields\": {\"parent\": null, \"position\": 0, \"lft\": 1, \"tree_id\": 2, \"creation_date\": \"2015-04-11T20:03:27.292Z\", \"rght\": 2, \"level\": 0, \"language\": \"en\", \"plugin_type\": \"CMSBlogDetailPlugin\", \"placeholder\": 2, \"changed_date\": \"2015-04-11T20:03:27.307Z\"}}]", "revision": 9, "format": "json", "object_id_int": 3}, "pk": 40, "model": "reversion.version"}, {"fields": {"object_id": "1", "content_type": 23, "object_repr": "1", "serialized_data": "[{\"pk\": 1, \"model\": \"cms.cmsplugin\", \"fields\": {\"parent\": null, \"position\": 0, \"lft\": 1, \"tree_id\": 1, \"creation_date\": \"2015-04-11T18:47:45.138Z\", \"rght\": 2, \"level\": 0, \"language\": \"fi\", \"plugin_type\": \"CMSBlogListPlugin\", \"placeholder\": 2, \"changed_date\": \"2015-04-11T18:47:48.000Z\"}}]", "revision": 9, "format": "json", "object_id_int": 1}, "pk": 41, "model": "reversion.version"}, {"fields": {"object_id": "1", "content_type": 29, "object_repr": "News (news, en)", "serialized_data": "[{\"pk\": 1, \"model\": \"cms.title\", \"fields\": {\"redirect\": null, \"creation_date\": \"2015-04-11T18:08:37.707Z\", \"slug\": \"news\", \"path\": \"\", \"menu_title\": \"News\", \"has_url_overwrite\": false, \"meta_description\": \"Latest news\", \"title\": \"News\", \"language\": \"en\", \"page\": 1, \"published\": true, \"page_title\": \"News\"}}]", "revision": 9, "format": "json", "object_id_int": 1}, "pk": 42, "model": "reversion.version"}, {"fields": {"object_id": "1", "content_type": 36, "object_repr": "1", "serialized_data": "[{\"pk\": 1, \"model\": \"blog.bloglistplugin\", \"fields\": {}}]", "revision": 9, "format": "json", "object_id_int": 1}, "pk": 43, "model": "reversion.version"}, {"fields": {"object_id": "3", "content_type": 23, "object_repr": "3", "serialized_data": "[{\"pk\": 3, \"model\": \"cms.cmsplugin\", \"fields\": {\"parent\": null, \"position\": 0, \"lft\": 1, \"tree_id\": 2, \"creation_date\": \"2015-04-11T20:03:27.292Z\", \"rght\": 2, \"level\": 0, \"language\": \"en\", \"plugin_type\": \"CMSBlogDetailPlugin\", \"placeholder\": 2, \"changed_date\": \"2015-04-11T20:03:31.739Z\"}}]", "revision": 10, "format": "json", "object_id_int": 3}, "pk": 44, "model": "reversion.version"}, {"fields": {"object_id": "1", "content_type": 24, "object_repr": "News", "serialized_data": "[{\"pk\": 1, \"model\": \"cms.page\", \"fields\": {\"in_navigation\": true, \"login_required\": false, \"changed_by\": \"admin\", \"publication_date\": \"2015-04-11T18:08:37.743Z\", \"template\": \"INHERIT\", \"soft_root\": false, \"languages\": \"en,fi\", \"rght\": 2, \"level\": 0, \"xframe_options\": 0, \"creation_date\": \"2015-04-11T18:08:37.654Z\", \"parent\": null, \"limit_visibility_in_menu\": null, \"placeholders\": [2], \"is_home\": true, \"navigation_extenders\": null, \"lft\": 1, \"site\": 1, \"publication_end_date\": null, \"reverse_id\": null, \"application_namespace\": null, \"changed_date\": \"2015-04-11T20:03:27.565Z\", \"created_by\": \"admin\", \"tree_id\": 1, \"revision_id\": 0, \"application_urls\": null}}]", "revision": 10, "format": "json", "object_id_int": 1}, "pk": 45, "model": "reversion.version"}, {"fields": {"object_id": "2", "content_type": 22, "object_repr": "Article", "serialized_data": "[{\"pk\": 2, \"model\": \"cms.placeholder\", \"fields\": {\"default_width\": null, \"slot\": \"Article\"}}]", "revision": 10, "format": "json", "object_id_int": 2}, "pk": 46, "model": "reversion.version"}, {"fields": {"object_id": "3", "content_type": 38, "object_repr": "3", "serialized_data": "[{\"pk\": 3, \"model\": \"blog.blogdetailplugin\", \"fields\": {\"blog\": 1}}]", "revision": 10, "format": "json", "object_id_int": 3}, "pk": 47, "model": "reversion.version"}, {"fields": {"object_id": "1", "content_type": 23, "object_repr": "1", "serialized_data": "[{\"pk\": 1, \"model\": \"cms.cmsplugin\", \"fields\": {\"parent\": null, \"position\": 0, \"lft\": 1, \"tree_id\": 1, \"creation_date\": \"2015-04-11T18:47:45.138Z\", \"rght\": 2, \"level\": 0, \"language\": \"fi\", \"plugin_type\": \"CMSBlogListPlugin\", \"placeholder\": 2, \"changed_date\": \"2015-04-11T18:47:48.000Z\"}}]", "revision": 10, "format": "json", "object_id_int": 1}, "pk": 48, "model": "reversion.version"}, {"fields": {"object_id": "1", "content_type": 29, "object_repr": "News (news, en)", "serialized_data": "[{\"pk\": 1, \"model\": \"cms.title\", \"fields\": {\"redirect\": null, \"creation_date\": \"2015-04-11T18:08:37.707Z\", \"slug\": \"news\", \"path\": \"\", \"menu_title\": \"News\", \"has_url_overwrite\": false, \"meta_description\": \"Latest news\", \"title\": \"News\", \"language\": \"en\", \"page\": 1, \"published\": true, \"page_title\": \"News\"}}]", "revision": 10, "format": "json", "object_id_int": 1}, "pk": 49, "model": "reversion.version"}, {"fields": {"object_id": "3", "content_type": 29, "object_repr": "Uutiset (uutiset, fi)", "serialized_data": "[{\"pk\": 3, \"model\": \"cms.title\", \"fields\": {\"redirect\": null, \"creation_date\": \"2015-04-11T18:08:49.638Z\", \"slug\": \"uutiset\", \"path\": \"\", \"menu_title\": \"Uutiset\", \"has_url_overwrite\": false, \"meta_description\": \"Uusimmat uutiset\", \"title\": \"Uutiset\", \"language\": \"fi\", \"page\": 1, \"published\": true, \"page_title\": \"Uutiset\"}}]", "revision": 10, "format": "json", "object_id_int": 3}, "pk": 50, "model": "reversion.version"}, {"fields": {"object_id": "1", "content_type": 36, "object_repr": "1", "serialized_data": "[{\"pk\": 1, \"model\": \"blog.bloglistplugin\", \"fields\": {}}]", "revision": 10, "format": "json", "object_id_int": 1}, "pk": 51, "model": "reversion.version"}, {"fields": {"clipboard": 1, "language": "en", "user": 1}, "pk": 1, "model": "cms.usersettings"}, {"fields": {"default_width": null, "slot": "clipboard"}, "pk": 1, "model": "cms.placeholder"}, {"fields": {"default_width": null, "slot": "Article"}, "pk": 2, "model": "cms.placeholder"}, {"fields": {"default_width": null, "slot": "Article"}, "pk": 3, "model": "cms.placeholder"}, {"fields": {"lft": 1, "placeholder": 2, "creation_date": "2015-04-11T18:47:45.138Z", "language": "fi", "plugin_type": "CMSBlogListPlugin", "parent": null, "tree_id": 1, "changed_date": "2015-04-11T18:47:48.000Z", "position": 0, "level": 0, "rght": 2}, "pk": 1, "model": "cms.cmsplugin"}, {"fields": {"lft": 1, "placeholder": 2, "creation_date": "2015-04-11T20:03:27.292Z", "language": "en", "plugin_type": "CMSBlogDetailPlugin", "parent": null, "tree_id": 2, "changed_date": "2015-04-11T20:03:31.739Z", "position": 0, "level": 0, "rght": 2}, "pk": 3, "model": "cms.cmsplugin"}, {"fields": {"is_home": true, "placeholders": [2], "creation_date": "2015-04-11T18:08:37.654Z", "tree_id": 1, "template": "INHERIT", "in_navigation": true, "rght": 2, "changed_by": "admin", "publisher_is_draft": true, "reverse_id": null, "level": 0, "navigation_extenders": null, "revision_id": 0, "application_namespace": null, "soft_root": false, "changed_date": "2015-04-11T20:03:32.084Z", "languages": "en,fi", "publication_date": "2015-04-11T18:08:37.743Z", "created_by": "admin", "parent": null, "limit_visibility_in_menu": null, "publication_end_date": null, "publisher_public": 2, "lft": 1, "xframe_options": 0, "site": 1, "application_urls": null, "login_required": false}, "pk": 1, "model": "cms.page"}, {"fields": {"is_home": true, "placeholders": [3], "creation_date": "2015-04-11T18:08:37.747Z", "tree_id": 2, "template": "INHERIT", "in_navigation": true, "rght": 2, "changed_by": "admin", "publisher_is_draft": false, "reverse_id": null, "level": 0, "navigation_extenders": null, "revision_id": 0, "application_namespace": null, "soft_root": false, "changed_date": "2015-04-11T18:08:59.245Z", "languages": "en,fi", "publication_date": "2015-04-11T18:08:37.743Z", "created_by": "admin", "parent": null, "limit_visibility_in_menu": null, "publication_end_date": null, "publisher_public": 1, "lft": 1, "xframe_options": 0, "site": 1, "application_urls": null, "login_required": false}, "pk": 2, "model": "cms.page"}, {"fields": {"publisher_state": 1, "creation_date": "2015-04-11T18:08:37.707Z", "has_url_overwrite": false, "page_title": "News", "redirect": null, "publisher_public": 2, "slug": "news", "title": "News", "published": true, "language": "en", "publisher_is_draft": true, "page": 1, "menu_title": "News", "path": "", "meta_description": "Latest news"}, "pk": 1, "model": "cms.title"}, {"fields": {"publisher_state": 0, "creation_date": "2015-04-11T18:08:37.707Z", "has_url_overwrite": false, "page_title": "News", "redirect": null, "publisher_public": 1, "slug": "news", "title": "News", "published": true, "language": "en", "publisher_is_draft": false, "page": 2, "menu_title": "News", "path": "", "meta_description": "Latest news"}, "pk": 2, "model": "cms.title"}, {"fields": {"publisher_state": 1, "creation_date": "2015-04-11T18:08:49.638Z", "has_url_overwrite": false, "page_title": "Uutiset", "redirect": null, "publisher_public": 4, "slug": "uutiset", "title": "Uutiset", "published": true, "language": "fi", "publisher_is_draft": true, "page": 1, "menu_title": "Uutiset", "path": "", "meta_description": "Uusimmat uutiset"}, "pk": 3, "model": "cms.title"}, {"fields": {"publisher_state": 0, "creation_date": "2015-04-11T18:08:49.638Z", "has_url_overwrite": false, "page_title": "Uutiset", "redirect": null, "publisher_public": 3, "slug": "uutiset", "title": "Uutiset", "published": true, "language": "fi", "publisher_is_draft": false, "page": 2, "menu_title": "Uutiset", "path": "", "meta_description": "Uusimmat uutiset"}, "pk": 4, "model": "cms.title"}, {"fields": {"title_fi": "Uutiset", "title": "News", "title_en": "News"}, "pk": 1, "model": "blog.blog"}, {"fields": {"body": "Spoon viennese caf\u00e9 au lait spoon steamed white barista. Caf\u00e9 au lait decaffeinated single origin affogato, qui aftertaste single origin carajillo robusta. Strong, crema, half and half roast kopi-luwak cream java chicory con panna. Iced frappuccino, affogato plunger pot lungo mug redeye.\r\n\r\nAcerbic as cultivar eu blue mountain id flavour spoon mazagran black irish. Ristretto chicory, kopi-luwak breve mocha cup ristretto. Coffee roast siphon cup, aromatic, ut, frappuccino bar siphon white caramelization. Viennese id kopi-luwak shop black flavour coffee.\r\n\r\nTrifecta, white mocha sugar shop macchiato crema cappuccino french press as shop. Roast robusta extraction decaffeinated caramelization ut, dripper white gal\u00e3o acerbic cinnamon. Plunger pot single shot pumpkin spice aromatic dark cup gal\u00e3o, est plunger pot mazagran and rich. Mug, crema mug skinny coffee macchiato shop caffeine chicory.\r\n\r\nAt turkish and a cup trifecta aroma. To go as, foam dark filter con panna sit cultivar. Skinny in dark, beans, cream crema sugar, robust caramelization wings rich arabica. Rich french press, extraction, single shot con panna trifecta seasonal caramelization ristretto grounds skinny.", "cover_image": "", "title": "Test article", "updated": "2015-04-11T19:56:55.024Z", "created": "2015-04-11T19:33:56.638Z", "blog": 1, "title_fi": "Testi artikkeli", "body_fi": "Spoon viennese caf\u00e9 au lait spoon steamed white barista. Caf\u00e9 au lait decaffeinated single origin affogato, qui aftertaste single origin carajillo robusta. Strong, crema, half and half roast kopi-luwak cream java chicory con panna. Iced frappuccino, affogato plunger pot lungo mug redeye.\r\n\r\nAcerbic as cultivar eu blue mountain id flavour spoon mazagran black irish. Ristretto chicory, kopi-luwak breve mocha cup ristretto. Coffee roast siphon cup, aromatic, ut, frappuccino bar siphon white caramelization. Viennese id kopi-luwak shop black flavour coffee.\r\n\r\nTrifecta, white mocha sugar shop macchiato crema cappuccino french press as shop. Roast robusta extraction decaffeinated caramelization ut, dripper white gal\u00e3o acerbic cinnamon. Plunger pot single shot pumpkin spice aromatic dark cup gal\u00e3o, est plunger pot mazagran and rich. Mug, crema mug skinny coffee macchiato shop caffeine chicory.\r\n\r\nAt turkish and a cup trifecta aroma. To go as, foam dark filter con panna sit cultivar. Skinny in dark, beans, cream crema sugar, robust caramelization wings rich arabica. Rich french press, extraction, single shot con panna trifecta seasonal caramelization ristretto grounds skinny.", "author": 1, "title_en": "Test article", "body_en": "Spoon viennese caf\u00e9 au lait spoon steamed white barista. Caf\u00e9 au lait decaffeinated single origin affogato, qui aftertaste single origin carajillo robusta. Strong, crema, half and half roast kopi-luwak cream java chicory con panna. Iced frappuccino, affogato plunger pot lungo mug redeye.\r\n\r\nAcerbic as cultivar eu blue mountain id flavour spoon mazagran black irish. Ristretto chicory, kopi-luwak breve mocha cup ristretto. Coffee roast siphon cup, aromatic, ut, frappuccino bar siphon white caramelization. Viennese id kopi-luwak shop black flavour coffee.\r\n\r\nTrifecta, white mocha sugar shop macchiato crema cappuccino french press as shop. Roast robusta extraction decaffeinated caramelization ut, dripper white gal\u00e3o acerbic cinnamon. Plunger pot single shot pumpkin spice aromatic dark cup gal\u00e3o, est plunger pot mazagran and rich. Mug, crema mug skinny coffee macchiato shop caffeine chicory.\r\n\r\nAt turkish and a cup trifecta aroma. To go as, foam dark filter con panna sit cultivar. Skinny in dark, beans, cream crema sugar, robust caramelization wings rich arabica. Rich french press, extraction, single shot con panna trifecta seasonal caramelization ristretto grounds skinny."}, "pk": 1, "model": "blog.post"}, {"fields": {}, "pk": 1, "model": "blog.bloglistplugin"}, {"fields": {"blog": 1}, "pk": 3, "model": "blog.blogdetailplugin"}, {"fields": {"object_id": "1", "action_flag": 1, "action_time": "2015-04-11T18:08:37.867Z", "content_type": 24, "object_repr": "News", "user": 1, "change_message": ""}, "pk": 1, "model": "admin.logentry"}, {"fields": {"object_id": "1", "action_flag": 2, "action_time": "2015-04-11T18:08:49.664Z", "content_type": 24, "object_repr": "News", "user": 1, "change_message": "Changed title, slug, menu_title, page_title and meta_description."}, "pk": 2, "model": "admin.logentry"}, {"fields": {"object_id": "1", "action_flag": 2, "action_time": "2015-04-11T18:08:59.292Z", "content_type": 24, "object_repr": "Uutiset", "user": 1, "change_message": ""}, "pk": 3, "model": "admin.logentry"}, {"fields": {"object_id": "1", "action_flag": 1, "action_time": "2015-04-11T18:51:29.473Z", "content_type": 33, "object_repr": "News", "user": 1, "change_message": ""}, "pk": 4, "model": "admin.logentry"}, {"fields": {"object_id": "1", "action_flag": 1, "action_time": "2015-04-11T19:33:56.644Z", "content_type": 34, "object_repr": "Test", "user": 1, "change_message": ""}, "pk": 5, "model": "admin.logentry"}, {"fields": {"object_id": "1", "action_flag": 2, "action_time": "2015-04-11T19:55:58.985Z", "content_type": 33, "object_repr": "News", "user": 1, "change_message": "Changed title_en and title_fi."}, "pk": 6, "model": "admin.logentry"}, {"fields": {"object_id": "1", "action_flag": 2, "action_time": "2015-04-11T19:56:55.031Z", "content_type": 34, "object_repr": "Test article", "user": 1, "change_message": "Changed title_en, title_fi, body_en and body_fi."}, "pk": 7, "model": "admin.logentry"}, {"fields": {"object_id": "1", "action_flag": 2, "action_time": "2015-04-11T19:57:17.267Z", "content_type": 8, "object_repr": "assembly.org/summer2015", "user": 1, "change_message": "Changed domain and name."}, "pk": 8, "model": "admin.logentry"}, {"fields": {"object_id": "2", "action_flag": 3, "action_time": "2015-04-11T19:57:57.567Z", "content_type": 23, "object_repr": "2", "user": 1, "change_message": ""}, "pk": 9, "model": "admin.logentry"}]